"DATE","TIME PERIOD","Gross disposable income of households (QSA.Q.N.IT.W0.S1M.S1._Z.B.B6G._Z._Z._Z.XDC._T.S.V.N._T)"
"1999-03-31","1999Q1","197836.00"
"1999-06-30","1999Q2","212432.60"
"1999-09-30","1999Q3","208701.50"
"1999-12-31","1999Q4","217901.10"
"2000-03-31","2000Q1","202901.70"
"2000-06-30","2000Q2","222459.50"
"2000-09-30","2000Q3","213294.90"
"2000-12-31","2000Q4","230321.60"
"2001-03-31","2001Q1","220938.70"
"2001-06-30","2001Q2","234433.70"
"2001-09-30","2001Q3","220406.90"
"2001-12-31","2001Q4","232444.00"
"2002-03-31","2002Q1","226841.90"
"2002-06-30","2002Q2","246837.80"
"2002-09-30","2002Q3","228354.30"
"2002-12-31","2002Q4","244086.20"
"2003-03-31","2003Q1","235317.30"
"2003-06-30","2003Q2","253003.60"
"2003-09-30","2003Q3","239228.30"
"2003-12-31","2003Q4","253169.70"
"2004-03-31","2004Q1","243760.90"
"2004-06-30","2004Q2","262537.20"
"2004-09-30","2004Q3","249317.80"
"2004-12-31","2004Q4","262428.30"
"2005-03-31","2005Q1","250759.30"
"2005-06-30","2005Q2","265968.40"
"2005-09-30","2005Q3","252640.50"
"2005-12-31","2005Q4","275328.10"
"2006-03-31","2006Q1","260196.40"
"2006-06-30","2006Q2","275911.90"
"2006-09-30","2006Q3","264173.80"
"2006-12-31","2006Q4","283093.00"
"2007-03-31","2007Q1","269830.70"
"2007-06-30","2007Q2","293727.20"
"2007-09-30","2007Q3","269192.90"
"2007-12-31","2007Q4","288362.50"
"2008-03-31","2008Q1","277331.00"
"2008-06-30","2008Q2","301047.50"
"2008-09-30","2008Q3","274995.20"
"2008-12-31","2008Q4","284676.30"
"2009-03-31","2009Q1","272773.10"
"2009-06-30","2009Q2","286604.80"
"2009-09-30","2009Q3","267968.90"
"2009-12-31","2009Q4","285650.10"
"2010-03-31","2010Q1","268097.70"
"2010-06-30","2010Q2","285227.80"
"2010-09-30","2010Q3","267960.30"
"2010-12-31","2010Q4","290337.00"
"2011-03-31","2011Q1","275417.50"
"2011-06-30","2011Q2","293434.40"
"2011-09-30","2011Q3","276030.40"
"2011-12-31","2011Q4","295404.90"
"2012-03-31","2012Q1","272378.90"
"2012-06-30","2012Q2","287009.80"
"2012-09-30","2012Q3","267442.20"
"2012-12-31","2012Q4","280427.40"
"2013-03-31","2013Q1","268511.10"
"2013-06-30","2013Q2","279952.80"
"2013-09-30","2013Q3","274303.30"
"2013-12-31","2013Q4","287880.00"
"2014-03-31","2014Q1","270385.00"
"2014-06-30","2014Q2","282748.00"
"2014-09-30","2014Q3","275676.00"
"2014-12-31","2014Q4","290213.30"
"2015-03-31","2015Q1","271591.00"
"2015-06-30","2015Q2","286762.80"
"2015-09-30","2015Q3","278494.30"
"2015-12-31","2015Q4","296340.70"
"2016-03-31","2016Q1","275801.40"
"2016-06-30","2016Q2","290180.80"
"2016-09-30","2016Q3","282923.30"
"2016-12-31","2016Q4","298934.50"
"2017-03-31","2017Q1","280034.20"
"2017-06-30","2017Q2","295701.50"
"2017-09-30","2017Q3","289268.30"
"2017-12-31","2017Q4","307398.80"
"2018-03-31","2018Q1","283558.90"
"2018-06-30","2018Q2","301535.20"
"2018-09-30","2018Q3","293115.10"
"2018-12-31","2018Q4","311787.40"
"2019-03-31","2019Q1","285954.30"
"2019-06-30","2019Q2","305696.40"
"2019-09-30","2019Q3","296361.80"
"2019-12-31","2019Q4","310301.50"
"2020-03-31","2020Q1","280188.60"
"2020-06-30","2020Q2","288438.50"
"2020-09-30","2020Q3","294156.40"
"2020-12-31","2020Q4","308150.70"
"2021-03-31","2021Q1","286043.00"
"2021-06-30","2021Q2","309357.30"
"2021-09-30","2021Q3","308367.90"
"2021-12-31","2021Q4","325187.40"
"2022-03-31","2022Q1","307082.30"
"2022-06-30","2022Q2","327965.80"
"2022-09-30","2022Q3","327759.10"
"2022-12-31","2022Q4","347315.80"
"2023-03-31","2023Q1","332869.80"
"2023-06-30","2023Q2","347784.10"
"2023-09-30","2023Q3","341505.30"
"2023-12-31","2023Q4","360864.40"
"2024-03-31","2024Q1","344765.40"
"2024-06-30","2024Q2","359908.00"
"2024-09-30","2024Q3","352120.70"
"2024-12-31","2024Q4","365656.10"
"2025-03-31","2025Q1","351669.30"
"2025-06-30","2025Q2","368972.80"
"2025-09-30","2025Q3","361064.80"
"2025-12-31","2025Q4","373014.20"
